title:Myanmar All Kar,url:www.xvideos.com/?k=myanmar,picture:Pictures/1.jpg,key:yes
title:JAV All Kar,url:www.xvideos.com/?k=jav,picture:Pictures/2.jpg,key:yes
title:Japan All Kar,url:www.xvideos.com/?k=jav,picture:Pictures/3.jpg,key:yes
title:Japan Cute Girls All Kar,url:www.xvideos.com/?k=japan+cute+girl,picture:Pictures/4.jpg,key:yes
title:S Cute All Kar,url:www.xvideos.com/?k=s+cute,picture:Pictures/5.jpg,key:yes
title:Chinese All Kar,url:www.xvideos.com/?k=Chinese,picture:Pictures/6.jpg,key:yes
title:Chinese Girls All Kar,url:www.xvideos.com/?k=Chinese%20girl&top,picture:Pictures/7.jpg,key:yes
title:Thai All Kar,url:www.xvideos.com/?k=Thai,picture:Pictures/8.jpg,key:yes
title:Thai Girls All Kar,url:www.xvideos.com/?k=Thai+girls,picture:Pictures/9.jpg,key:yes
title:Korean Girls All Kar,url:www.xvideos.com/?k=korea+girl,picture:Pictures/10.jpg,key:yes
title:Western All Kar,url:www.xvideos.com/?k=western&top,picture:Pictures/11.jpg,key:yes
title:Anime All Kar,url:www.xvideos.com/?k=western&top,picture:Pictures/12.jpg,key:yes
title:Anime All Kar 2,url:www.xvideos.com/?k=Anime%20hentai&top,picture:Pictures/13.jpg,key:yes
